StationName,StationNameAbbreviated,LogicalDisplayReference,GeneralPointNumber,
29 PALMS MARINE BASE,29PLMRNB,29 PALMS,NULL,
ACTON,ACTON,ACTON,NULL,
ADELANTO DWP,ADELANTO,dwpadelanto,NULL,
AEROJET,AEROJET,azusa,NULL,
AGOURA,AGOURA,AGOURA,NULL,
AGUA_MANSA_I,AGUMNSAI,AGUAMANSA,NULL,
AIRCHEM,AIRCHEM,airchem,NULL,
AIRPRODUCTS,AIRPRODS,airproducts,NULL,
ALAMITOS A,ALAMTS_A,alamitos,NULL,
ALAMITOS POLE SW,ALAMTS P,alamitos66ovw,NULL,
ALAMITOS RELAYS,ALAMTS R,alamitos,NULL,
ALAMITOS SAS,ALAMTS_S,alamitos,NULL,
ALAMO CDWR,ALAMO,NULL,NULL,
ALBA,ALBA,ALBA,NULL,
ALDER SAS,ALDER_S,alder,NULL,
ALESSANDRO SAS,ALESSA_S,alessandro,NULL,
ALHAMBRA BMS RTU,ALH_UPS,ALHAMBRAUPS,NULL,
ALHAMBRA SAS,ALHAMB_S,alhambra,NULL,
ALHAM_AG,ALHAM_AG,ALHAM_AG,NULL,
ALHAM_AG2,ALH_AG2,ALHAM_AG2,NULL,
ALLEN,ALLEN,allen,NULL,
ALON,ALON,alon,NULL,
ALON   2 12 LIG,ALON   2,NULL,NULL,
ALPINESOLAR,ALPSOLAR,ALPSOLAR,NULL,
ALTECHIIDIFFWIND,ALTECHII,altechii,NULL,
ALTWIND,ALTWIND,altwind,NULL,
AMADOR,AMADOR,amador,NULL,
AMALIA SAS,AMALIA,amalia,NULL,
AMARGO,AMARGO,amargo,NULL,
AMCO,AMCO,aircast,NULL,
AMERON,AMERON,ameron,NULL,
ANAVERDE SAS,ANAVER_S,anaverde,NULL,
ANITA,ANITA,anita,NULL,
ANTELOPE,ANTELOPE,antelope,NULL,
ANTELOPE RAS A,ANT_RASA,anteloperasa,NULL,
ANTELOPE RAS B,ANT_RASB,anteloperasb,NULL,
ANTELOPE S2B,ANT_S2B,ANTELOPE,NULL,
ANTELOPE-C,ANTELOPC,antelope66,NULL,
ANTELOPEWIND,ANTEWIND,antelopewind,NULL,
ANTLP-BAILEY POLE SW,ANTELP P,antelope66ovw,NULL,
APL,APL,apl,NULL,
APOLLO,APOLLO,apollo,NULL,
APPGEN,APPGEN,appgen,NULL,
APPLE VALLEY SAS,APPLE VA,applevalley,NULL,
APS-CEDAR MTN,WACDRMTN,APSCEDARMTN,NULL,
APS-DUGAS,WADUGAS,APSDUGAS,NULL,
APS-HOODOO WASH,WAHDWASH,APSHDWASH,NULL,
APS-MOENKOPI,WAMOENKP,moenkopi,NULL,
APS-MORGAN,WAMORGAN,APSMORGAN,NULL,
APS-NOGILA,WANOGILA,APSNOGILA,NULL,
APS-YAVAPAI,WAYVAPAI,APSYAVAPAI,NULL,
AQUEDUC,AQUEDUC,AQUEDUCT,NULL,
AQUEDUCT,AQUEDUCT,aqueduct,NULL,
ARBORS_I,ARBORS_I,ARBORS,NULL,
ARBWIND,ARBWIND,arbwind,NULL,
ARCADIA SAS,ARCADA_S,arcadia,NULL,
ARCH BEACH SAS,ARCH BCH,archbeach,NULL,
ARCHIBALD SAS,ARCHIB_S,archibald,NULL,
ARCHLN_S,ARCHLN_S,archline,NULL,
ARCO,ARCO,NULL,NULL,
ARCOGEN,ARCOGEN,arcogen,NULL,
ARGUELLO,ARGUELLO,arguello,NULL,
AROWHD_P,AROWHD_P,arrowheadp,NULL,
ARRO,ARRO,stoddard,NULL,
ARROWHEAD,ARROWHEA,arrowhead,NULL,
ARROYO,ARROYO,arroyo,NULL,
ARTESIA,ARTESIA,artesia,NULL,
ASTRO,ASTRO,astro,NULL,
ATHENS SAS,ATHENS,athens,NULL,
ATP Station,ATPSta,NULL,NULL,
ATWOOD,ATWOOD,atwood,NULL,
AULD_S,AULD_S,auld,NULL,
AVENUE,AVENUE,AVENUE,NULL,
AVSOLAR1,AVSOLAR1,AVSOLAR1,NULL,
AZUSA,AZUSA,azusa,NULL,
BADILLO SAS,BADILLO,badillo,NULL,
BAILEY,BAILEY,bailey,NULL,
BAIN SAS,BAIN_SAS,bain,NULL,
BAKER,BAKER,NULL,NULL,
BANDINI,BANDINI,bandini,NULL,
BANNING HTS CITY,BNNG HTS,NULL,NULL,
BANNIN_S,BANNIN_S,BANNING,NULL,
BARRE COGEN,BARRE CG,NULL,NULL,
BARRE PEAKER,BARREPKR,barrepkr,NULL,
BARRE POLE SW,BARRE  P,barre66ovw,NULL,
BARRE RELAYS,BARRE  R,barre66ovw,NULL,
BARRE SAS,BARRE_S,barre,NULL,
BARSTOW,BARSTOW,NULL,NULL,
BARTOLO SAS,BARTOLO,bartolo,NULL,
BASSETT SAS,BASSET_S,bassett,NULL,
BASTA,BASTA,basta,NULL,
BAYSIDE,BAYSIDE,bayside,NULL,
BC2_12KV,BC2_12KV,BIGCRK2_12,NULL,
BEDFORD,BEDFORD,bedford,NULL,
BEEJAY,BEEJAY,beejay,NULL,
BELVEDERE SAS,BELVEDER,belvedere,NULL,
BEVERLY HILLS-A,BEVHLS A,beverly,NULL,
BEVERLY HILLS-B,BEVHLS B,beverly,NULL,
BICKNELL SAS,BICKNELL,bicknell,NULL,
BIG CREEK1,BIGCRK1,bigcreek1,NULL,
BIG CREEK2,BIGCRK2,bigcreek2,NULL,
BIG CREEK3,BIGCRK3,bigcreek3,NULL,
BIG CREEK4,BIGCRK4,bigcreek4,NULL,
BIG CREEK8,BIGCRK8,bigcreek8,NULL,
BIG CRK3_12KV,BC3_12KV,BIGCREEK312KV,NULL,
BISHOP CREEK 1,BISHOPCR,bishopcreek,NULL,
BISHOP CREEK 2,BISHCRK2,bishcrk2,NULL,
BISHOP CREEK 3,BISHCRK3,bishopcreek3,NULL,
BISHOP CREEK 4,BISHCRK4,bishcrk4,NULL,
BISHOP CREEK 5,BISHCRK5,bishcrk5,NULL,
BISHOP CREEK 6,BISHCRK6,bishcrk6,NULL,
BLACK MTN,BLACK MT,blackmt,NULL,
BLAST,BLAST,BLAST,NULL,
BLISS,BLISS,bliss,NULL,
BLM EAST,BLM EAST,chinalake,NULL,
BLM WEST,BLM WEST,chinalake,NULL,
BLOOMINGTON SAS,BLMNTN_S,randall,NULL,
BLYTHE,BLYTHE,blythe,NULL,
BLYTHE CITY SAS,BLYTHECT,blythecity,NULL,
BLYTHE RAS,BLYERAS,BLYTHERAS,NULL,
BLYTHE RAS A,BLYERASA,BLYTHERAS,NULL,
BLYTHE RAS B,BLYERASB,BLYTHERAS,NULL,
BLYTHE SOLAR,BLYTHESO,BLYTHESOLAR,NULL,
BNNG_COB,BNNG_COB,BANNING,NULL,
BOLSA SAS,BOLSA_S,bolsa,NULL,
BOOST,BOOST,boost,NULL,
BOREL,BOREL,borel,NULL,
BORREGO,BORREGO,borrego,NULL,
BOTTLE,BOTTLE,BOTTLE,NULL,
BOVINE,BOVINE,NULL,NULL,
BOWL,BOWL,bowl,NULL,
BOXWOOD,BOXWOOD,boxwood,NULL,
BRADBURY,BRADBURY,bradbury,NULL,
BREA,BREA,brea,NULL,
BREEZE1,BREEZE1,breeze1,NULL,
BREEZE2,BREEZE2,breeze2,NULL,
BREW,BREW,azusa,NULL,
BRIDGE,BRIDGE,bridge,NULL,
BRIDGEPORT,BRIDGEPO,bridgeport,NULL,
BRIGEN,BRIGEN,brigen,NULL,
BRIGHTON SAS,BRIGHT_S,brighton,NULL,
BRIGHTON WS,BRGHTNWS,BRIGHTON WS,NULL,
BRISTOL,BRISTOL,bristo,NULL,
BROADWAY,BROADWAY,broadway,NULL,
BRODROCK,BRODROCK,BRODROCK,NULL,
BROOKFIELD DESERT,BROOKDES,BROOKDES,NULL,
BROOKHURST,BROOKHUR,brookhurst,NULL,
BROWNING,BROWNING,browning,NULL,
BRYAN,BRYAN,bryan,NULL,
BRYMAN,BRYMAN,bryman,NULL,
BUCK BOULEVARD,BUCKBLVD,BUCKBLVD,NULL,
BUCKSKIN,BUCKSKIN,NULL,NULL,
BUCKWIND,BUCKWIND,buckwind,NULL,
BULLIS,BULLIS,bullis,NULL,
BUNKER_S,BUNKER_S,BUNKER,NULL,
BURNT MILL SAS,BURNTMIL,burntmill,NULL,
BURPIT,BURPIT,burpit,NULL,
BURRO FLATS,BURRO FL,burroflats,NULL,
Big Creek Iccp Sta,BCIccp,NULL,NULL,
CABAZON,CABAZON,cabazon,NULL,
CABRILLO,CABRILLO,CABRILLO,NULL,
CABRILLO  12KV,CABRIL12,cabrillo,NULL,
CABRILLO  66KV,CABRIL66,cabrillo,NULL,
CADY,CADY,NULL,NULL,
CAJALCO SAS,CAJALC_S,cajalco,NULL,
CAL CEMENT,CAL CMNT,calcement,NULL,
CAL CITY,CALCITY,NULL,NULL,
CAL STATE FULLERTON,CSUFULLR,CSUFULLERTON,NULL,
CALCAPS2,CALCAPS2,CALCAPS,NULL,
CALCEMENT,CALCEMT,CALCEMENT,NULL,
CALDEN,CALDEN,calden,NULL,
CALDWELL,CALDWELL,caldwell,NULL,
CALECTRIC,CALECTRC,calelectric,NULL,
CALGEN,CALGEN,chinalake,NULL,
CAMAR,CAMAR,NULL,NULL,
CAMARILLO SAS,CAMARI_S,camarillo,NULL,
CAMDEN,CAMDEN,camden,NULL,
CAMERON,CAMERON,cameron,NULL,
CAMERON RIDGE,CAMRIDGE,CAMERONRIDGE,NULL,
CAMGEN,CAMGEN,camgen,NULL,
CAMINO,CAMINO,camino,NULL,
CAMP 10,CAMP 10,camp10,NULL,
CANTIL,CANTIL,NULL,NULL,
CANWIND,CANWIND,canwind,NULL,
CANYON,CANYON,canyon,NULL,
CANYON LAKE,CANYONLK,canyonlake,NULL,
CAPITAN,CAPITAN,capitan,NULL,
CAPSULE,CAPSULE,capsule,NULL,
CAPTIVE,CAPTIVE,captive,NULL,
CAPWIND,CAPWIND,capwind,NULL,
CARBOGEN,CARBOGEN,carbogen,NULL,
CARBONIC 66,CARBONIC,NULL,NULL,
CARDIFF,CARDIFF,cardiff,NULL,
CARDIFF POLE SW,CARDIF P,cardiffovw,NULL,
CARMENITA,CARMENIT,carmenita,NULL,
CARODEAN,CARODEAN,carodean,NULL,
CAROD_S2,CAROD_S2,CARODEAN,NULL,
CAROLINA SAS,CAROLI_S,carolina,NULL,
CARPINTERIA SAS,CARPIN_S,carpinteria,NULL,
CARSON_SAS,CARSON,carson,NULL,
CARTER,CARTER,CARTER,NULL,
CASA DIABLO,CASA DIA,casadiablo,NULL,
CASADIABLO,CASADIAB,casadiablo,NULL,
CASITAS,CASITAS,casitas,NULL,
CEDAR,CEDAR,NULL,NULL,
CEDARWOOD,CEDARWD,cedarwood,NULL,
CENTER PEAKER,CENTRPKR,centerpkr,NULL,
CENTER POLE SW,CENTER P,center66ovw,NULL,
CENTER RELAYS,CENTER R,center66ovw,NULL,
CENTER SAS,CENTER_S,center,NULL,
CENTER WEATHER,CENTERWS,CENTERWS,NULL,
CENTURY,CENTURY,colton,NULL,
CERTIFIED,CERTIFIE,astro,NULL,
CFE-TIJUANA,WECFETJI,cfetijuana,NULL,
CHARMIN,CHARMIN,charmin,NULL,
CHASE SAS,CHASE_S,chase,NULL,
CHATHAM,CHATHAM,chatham,NULL,
CHATHM_I,CHATHM_I,CHATHM_I,NULL,
CHATSWORTH,CHATSWOR,chatsworth,NULL,
CHERRY,CHERRY,cherry,NULL,
CHERRY_S,CHERRY_S,CHERRY,NULL,
CHESTNUT_SAS,CHESTN_S,CHESTNUT,NULL,
CHEVCENTRAL,CHEVCENT,chevcentral,NULL,
CHEVGEN,CHEVGEN,chevgen,NULL,
CHEVMAIN 220 KV,CHEVM220,chevmain,NULL,
CHEVMAIN 66KV,CHEVMN66,chevmain66,NULL,
CHFISL_I,CHFISL_I,CHFFE_ISL,NULL,
CHINA LAKE,CHINA LK,chinalake,NULL,
CHINO,CHINO,chino,NULL,
CHINO POLE SW,CHINO  P,chino66ovw,NULL,
CHINO RELAYS,CHINO  R,chino66ovw,NULL,
CHINO-B,CHINO  B,chino66,NULL,
CHINO-C,CHINO  C,chino66,NULL,
CHINO-D,CHINO  D,chino220,NULL,
CHIP,CHIP,chip,NULL,
CHIQUITA,CHIQUITA,chiquita,NULL,
CHIQUITA WS,CHQUTAWS,CHQUTAWS,NULL,
CHNLIS_S,CHNLIS_S,wakefield,NULL,
CIBOLA,CIBOLA,NULL,NULL,
CIMA,CIMA,cima,NULL,
CIMGEN,CIMGEN,cimgen,NULL,
CIRCUIT SWITCHER 542,CS542,cs542,NULL,
CITRUS,CITRUS,azusa,NULL,
CLAREMONT,CLAREMON,claremont,NULL,
CLARK,CLARK,clark,NULL,
CLEARGEN,CLEARGEN,cleargen,NULL,
COACHELLA,COACHELA,coachella,NULL,
COALGAS,COALGAS,NULL,NULL,
COLDGEN,COLDGEN,coldgen,NULL,
COLEGIO,COLEGIO,colegio,NULL,
COLLEGE,COLLEGE,college,NULL,
COLONIA SAS,COLONI_S,colonia,NULL,
COLORADO,COLORADO,colorado,NULL,
COLORADO RIVER SAS,COLOR_S2,COLORADO RIVER,NULL,
COLOSEUM 2,COLSEUM2,COLSEUM2,NULL,
COLOSEUM 3,COLSEUM3,COLOSEUM,NULL,
COLOSEUM1,COLSEUM1,COLOSEUM1,NULL,
COLOSSUS,COLOSSUS,colossus,NULL,
COLTON,COLTON,colton,NULL,
COLTON CEMENT,COLTONCM,coltoncement,NULL,
COLUMBINE,COLUMBIN,columbine,NULL,
COMMODORE,COMMODOR,commodore,NULL,
COMPOSIT,COMPOSIT,NULL,NULL,
COMPTON,COMPTON,NULL,NULL,
CONCHO,CONCHO,concho,NULL,
CONTAINER,CONTAINR,container,NULL,
CONTRL_D,CONTRL_D,CONTROL,NULL,
CONTROL,CONTROL,control,NULL,
CONTROL POLE SW 55KV,CONTRL P,NULL,NULL,
CONVAIR,CONVAIR,convair,NULL,
CONVERSE FLAT 33/2.4 VST1,CNVRSFLT,NULL,NULL,
COOLWATER,COOL WTR,coolwater,NULL,
COOLWATER SA2,CLWTR_S2,COOLWATER,NULL,
COOLWATER SAS,CL WTR_S,coolwater,NULL,
CORNERS,CORNERS,corners,NULL,
CORNUTA,CORNUTA,cornuta,NULL,
CORONA,CORONA,corona,NULL,
CORRECTION,CORRECTN,correction,NULL,
CORTEZ,CORTEZ,cortez,NULL,
CORUM,CORUM,corum,NULL,
COSMIC,COSMIC,bridge,NULL,
COSO,COSO,COSO,NULL,
COSTA MESA,COSTA ME,costamesa,NULL,
COTTONWOOD POLE SW,COTTONWOOD P,cottonwood33ovw,NULL,
COTTONWOOD SAS,COTTONWO,cottonwood,NULL,
COUNTY OF ORANGE D,ORCNTY,OCCOGEN,NULL,
COVINA SAS,COVINA,covina,NULL,
COYGEN,COYGEN,coygen,NULL,
CPC ALTA,CPC ALTA,CPCALTA,NULL,
CPC EAST,CPC EAST,CPCEAST,NULL,
CPC WEST,CPC WEST,CPCWEST,NULL,
CPVSENT,CPVSENT,CPVSENT,NULL,
CRAFTON HILLS,CRAFTON,craftonhills,NULL,
CRATER,CRATER,crater,NULL,
CREST,CREST,crest,NULL,
CRESTMORE,CRESTMOR,crestmore,NULL,
CRITICAL VOLTAGE,CritVolt,NULL,NULL,
CROWN SAS,CROWN _S,crown,NULL,
CRYCO,CRYCO,bassett,NULL,
CRYSTAL NPC,CRYSTAL,crystal,NULL,
CUCAMONGA SAS,CUCAMG_S,cucamonga,NULL,
CUDAHY,CUDAHY,cudahy,NULL,
CULVER,CULVER,culver,NULL,
CUMMINGS,CUMMINGS,cummings,NULL,
CUMMINGWIND,CUMMWIND,cummingwind,NULL,
CYBER,CYBER,cyber,NULL,
CYPRESS,CYPRESS,cypress,NULL,
Central Grid Capacitor Control,CGCC,NULL,NULL,
DAIRYMANS,DAIRYMAN,dairymans,NULL,
DAISY,DAISY,daisy,NULL,
DALTON SAS,DALTON_S,dalton,NULL,
DATABANK,DATABANK,jefferson,NULL,
DAVIDSNP,DAVIDSNP,DAVIDSON,NULL,
DAVIDSON,DAVIDSON,NULL,NULL,
DAWN,DAWN,DAWN,NULL,
DC BARK BEETLE 1,DCBKBTL1,barkbeetle1,NULL,
DC CHINO 1,DCCHINO1,dcchino1,NULL,
DC CHINO 2,DCCHINO2,dcchino2,NULL,
DC DEL AMO 1,DCDELAM1,NULL,NULL,
DC DEVERS 1,DCDEVRS1,dcdevers1,NULL,
DC DEVERS 2,DCDEVRS2,dcdevers2,NULL,
DC DEVERS 3,DCDEVRS3,NULL,NULL,
DC DEVERS 4,DCDEVRS4,dcdevers4,NULL,
DC ELDORADO 1,DCELDRD1,NULL,NULL,
DC ELDORADO 2,DCELDRD2,dceldorado,NULL,
DC ELDORADO 3,DCELDRD3,NULL,NULL,
DC LIGHTHIPE 1,DCLIGHT1,NULL,NULL,
DC LIGHTHIPE 2,DCLIGHT2,NULL,NULL,
DC LUGO 1,DCLUGO1,dclugo,NULL,
DC LUGO 2,DCLUGO2,dclugo,NULL,
DC LUGO 3,DCLUGO3,NULL,NULL,
DC LUGO 4,DCLUGO4,dclugo4,NULL,
DC MOORPARK 1,DCMRPRK,NULL,NULL,
DC PADUA 1,DCPADUA1,calcity,NULL,
DC PARDEE 1,DCPARDE1,NULL,NULL,
DC RECTOR 1,DCRECTR1,NULL,NULL,
DC RECTOR 2,DCRECTR2,NULL,NULL,
DC VALLEY 1,DCVALLY1,NULL,NULL,
DC VALLEY 2,DCVALLY2,dcvalley2,NULL,
DC VESTAL 1,DCVESTL1,NULL,NULL,
DC VESTAL 2,DCVESTL2,NULL,NULL,
DC VESTAL 3,DCVESTL3,NULL,NULL,
DC VESTAL 4,DCVESTL4,NULL,NULL,
DC VINCENT 1,DCVNCNT1,NULL,NULL,
DC VINCENT 2,DCVNCNT2,NULL,NULL,
DC VINCENT 3,DCVNCNT3,dcvincent3,NULL,
DC VISTA 1,DCVISTA1,NULL,NULL,
DC VISTA 2,DCVISTA2,dcvista2,NULL,
DC WEATHER,DCWEATHR,NULL,NULL,
DCCTLRTS,DCCTLRTS,dcctlrts,NULL,
DCT Station,DCTSta,NULL,NULL,
DCT Station Channel,DCTStaC,NULL,NULL,
DCT Station RTU,DCTStaR,NULL,NULL,
DCTHUMS,DCTHUMS,dcthums,NULL,
DCWINGEN1,DCWING1,dcwingen1,NULL,
DCWINGEN2,DCWING2,dcwingen2,NULL,
DE GARNET,GARNET,garnet,NULL,
DECLEZ,DECLEZ,declez,NULL,
DEEP SPRINGS,DEEP SPR,deepsprings,NULL,
DEFRAIN,DEFRAIN,NULL,NULL,
DEL AMO,DEL AMO,delamo,NULL,
DEL AMO JR,DELAMO_S,delamo,NULL,
DEL AMO POLE SW,DELAMO P,delamo66ovw,NULL,
DEL AMO RELAYS,DELAMO R,delamo66ovw,NULL,
DEL MAR,DEL MAR,losulfur,NULL,
DEL ROSA,DELROSA,delrosa,NULL,
DEL ROSA-B,DELROSAB,delrosa,NULL,
DEL SUR,DEL SUR,delsur,NULL,
DELANO,DELANO,delano,NULL,
DELGEN,DELGEN,delgen,NULL,
DESAL,DESAL,desal,NULL,
DESERTSUNLIGHT,DESRTSNL,DESERTSUNLIGHT,NULL,
DEV-PV 500 CAPS ARZ,DEV-PV-A,devpvaz,NULL,
DEVERS C,DEVERS C,devers,NULL,
DEVERS COGEN MW,DVRS CGN,NULL,NULL,
DEVERS D,DEVERS_D,deversd,NULL,
DEVERS JR SAS,DEVEJR_S,deversjr,NULL,
DEVERS POLE SW,DEVERS P,NULL,NULL,
DEVERS RAS A,DEVRSRSA,DEVERS RAS A,NULL,
DEVERS RAS B,DEVRSRSB,DEVERS RAS B,NULL,
DEVERS RCC MONITOR,DERCCMON,derccmon,NULL,
DEVERS RELAYS,DEVERS R,devers,NULL,
DEVERS SVC,DEVE_SVC,deverssvc,NULL,
DEVERS-A,DEVERS A,devers220,NULL,
DEVERS-B,DEVERS B,devers,NULL,
DEVERS_RT1,DEVRSRT1,DEVERS,NULL,
DEVIL CANYON,DEVILCYN,devilcanyon,NULL,
DIABLO CANYON,DIAB CYN,pgediablocanyon,NULL,
DIAMOND BAR,DIAM BAR,diamondbar,NULL,
DIEMER,DIEMER,DIEMER,NULL,
DIKE,DIKE,dike,NULL,
DILLON,DILLON,dillon,NULL,
DITMAR,DITMAR,ditmar,NULL,
DIVISADERO,DIVISADE,NULL,NULL,
DLS Station,DLSSta,NULL,NULL,
DOCK,DOCK,dock,NULL,
DOHENEY,DOHENEY,doheney,NULL,
DOMHILL,DOMHILL,carson,NULL,
DOUGLAS,DOUGLAS,elsegundo,NULL,
DOUGOIL,DOUGOIL,imperial,NULL,
DOWNEY,DOWNEY,DOWNEY,NULL,
DOWNEY MED,DOWNEYMD,downeymed,NULL,
DOWNS,DOWNS,downs,NULL,
DREW SAS,DREW,drew,NULL,
DUARTE,DUARTE,duarte,NULL,
DUCTILE,DUCTILE,NULL,NULL,
DUNES,DUNES,blythe,NULL,
DUNN SIDING,DUNN SDG,NULL,NULL,
DUTCHWIND,DUTCHWND,dutchwind,NULL,
DWP-ADELANTO,WLADELAN,dwpadelanto,NULL,
DWP-AIRWAY SS,WLAIRWAY,dwpairway,NULL,
DWP-ATWATER,WLATWTR,NULL,NULL,
DWP-BARREN RIDGE,WLBRNRDG,dwpbarrenridge,NULL,
DWP-CASTAIC,WLCSTAIC,dwpcastaic,NULL,
DWP-CENTURY,WLCENTRY,dwpcentury,NULL,
DWP-INYO,WLINYO,dwpinyo,NULL,
DWP-MARKET,WLMARKET,dwpmarket,NULL,
DWP-MCCULLOUGH,WLMCCULL,mccullough,NULL,
DWP-NORTHRIDGE,WLNRIDGE,dwpnorthridge,NULL,
DWP-OLIVE,WLOLIVE,dwpolive,NULL,
DWP-RINALDI,WLRINALD,rinaldi,NULL,
DWP-SYLMAR,WLSYLMAR,dwpsylmar,NULL,
DWP-TOLUCA,WLTOLUCA,dwptoluca,NULL,
DWP-VALLEY GS,WLVALLEY,dwpvalley,NULL,
DWP-VICTORVILLE,WLVVILLE,victorville,NULL,
DWP_VELASCO,WLVELASC,dwpvelasco,NULL,
Data Link Station,DLSta,NULL,NULL,
DemandForcast,Dem4cast,NULL,NULL,
Devers RAS,Devras,deversras,NULL,
Dist Load Shed and Rest,DistLSR,NULL,NULL,
DistanceToFault,DISFAULT,NULL,NULL,
Dynamic Reactive Reserve,DynReact,NULL,NULL,
EAGLE MOUNTAIN,EGL MTN,eaglemt,NULL,
EAGLE ROCK,EGL RK,EAGLEROCK,NULL,
EAGLE ROCK POLE SW,EGL RK P,eaglerock66ovw,NULL,
EAGLE ROCK-A,EGL RK A,eaglerock,NULL,
EAGLE ROCK-B,EGL RK B,eaglerock66,NULL,
EARLIMART,EARLIMRT,earlimart,NULL,
EAST BARSTOW,EBRSTW_I,EASTBARSTOW,NULL,
EAST LA COLLEGE,ELAC,ELAC,NULL,
EASTSIDE,EASTSIDE,eastside,NULL,
EASTWIND,EASTWIND,NULL,NULL,
EASTWOOD,EASTWOOD,EASTWOOD,NULL,
EATON_SAS,EATON,eaton,NULL,
EDC,EDC,EDC,NULL,
EDGEWATER SAS,EDGEWATR,edgewater,NULL,
EDINGER,EDINGER,edinger,NULL,
EDMONSTON CDWR,EDMONSTO,edmonston,NULL,
EDWARDS,EDWARDS,southbase,NULL,
EHRENBERG,EHRENBRG,NULL,NULL,
EISENHOWER,EISENHWR,eisenhower,NULL,
EISENH_S,EISENH_S,EISENHOWER,NULL,
EL CASCO POLE SW,EL CASCO P,elcasco115ovw,NULL,
EL CENTRO,ELCENTRO,iidovw,NULL,
EL NIDO,EL NIDO,elnido,NULL,
EL NIDO POLE SW,ELNIDO P,elnido66ovw,NULL,
EL NIDO RELAYS,ELNIDO R,elnido66ovw,NULL,
EL NIDO-B,EL NIDOB,elnido66,NULL,
EL SEGUNDO RAS B,ELSGRASB,ELSEGUNDORASB,NULL,
EL SEGUNDO RELAYS,EL SEG R,elsegundo,NULL,
EL SEGUNDO SAS,ELSEG _S,elsegundo,NULL,
EL SGND RAS A,ELSGRASA,ELSEGUNDORASA,NULL,
EL SOBRANTE,ELSOBRAN,elsobrante,NULL,
ELCANS,ELCANS,elcans,NULL,
ELCASCO,ELCASCO,ELCASCO,NULL,
ELDORADO,ELDORADO,eldorado,NULL,
ELDORADO POLE SW,ELDORA P,NULL,NULL,
ELDORADO RELAYS,ELDORA R,eldorado,NULL,
ELIZABETH LAKE,ELIZLAKE,elizabethlake,NULL,
ELIZABETH LAKE SAS,ELAKE_S2,ELIZABETHLAKE,NULL,
ELLIS POLE SW,ELLIS  P,ellis66ovw,NULL,
ELLIS RELAYS,ELLIS  R,ellis66ovw,NULL,
ELLIS_S2,ELLIS_S2,ELLIS,NULL,
ELLWOOD,ELLWOOD,ellwood,NULL,
ELPORTO SAS,ELPORTO,elporto,NULL,
ELSINORE,ELSINORE,elsinore,NULL,
ELY SAS,ELY_SAS,ely,NULL,
EL_NIDO_RAS_A,ELNIRASA,ELNIDORASA,NULL,
EL_NIDO_RAS_B,ELNIRASB,ELNIDORASB,NULL,
EL_SEGUNDO_SAS_2,ELSEGSA2,ELSEGUNDO,NULL,
ENCINA,ENCINA,sdencina,NULL,
ENWIND,ENWIND,enwind,NULL,
ERIC_SAS,ERIC_SAS,eric,NULL,
ESTERO_S,ESTERO_S,estero,NULL,
ESTRELLA SAS,ESTREL_S,estrella,NULL,
ETIWANDA POLE SW,ETIWAN P,NULL,NULL,
ETIWANDA RELAYS,ETIWAN R,etiwanda,NULL,
ETIWANDA SAS,ETIWAN_S,etiwanda,NULL,
EUCLID,EUCLID,euclid,NULL,
EXETER,EXETER,NULL,NULL,
EXGEN,EXGEN,capitan,NULL,
El Nido RAS,Elnras,NULL,NULL,
El Segundo RAS,Elsras,NULL,NULL,
FAIRFAX,FAIRFAX,fairfax,NULL,
FAIRFAX WS,FAIRFXWS,FAIRFAXWS,NULL,
FAIROAKS,FAIROAKS,fairoaks,NULL,
FAIRVIEW-B,FAIRVW B,fairview,NULL,
FAIRVIEW-C,FAIRVW C,fairview,NULL,
FARRELL SAS,FARREL_S,farrell,NULL,
FEDERALGEN,FEDERALG,fruitland,NULL,
FELTON,FELTON,felton,NULL,
FERNWOOD,FERNWOOD,fernwood,NULL,
FIBRE,FIBRE,fibre,NULL,
FILLMORE,FILLMORE,fillmore,NULL,
FINANCE,FINANCE,NULL,NULL,
FIREHOUSE SAS,FIREHO_S,firehouse,NULL,
FISH LAKE VALLEY 115,FISH LAK,deepsprings,NULL,
FLANCO,FLANCO,NULL,NULL,
FLOWIND1,FLOWIND1,flowind1,NULL,
FLOWIND2,FLOWIND2,flowind2,NULL,
FOGARTY,FOGARTY,FOGARTY,NULL,
FOREST HOME,FORESTHM,NULL,NULL,
FORGE,FORGE,forge,NULL,
FOUR CORNERS,4 CORNER,fourcorners,NULL,
FPL GREEN POWER,GRNPWR_D,GREENPOWER,NULL,
FRANCIS,FRANCIS,francis,NULL,
FRAZIER,FRAZIER,fraizer,NULL,
FREEMAN,FREEMAN,riverside,NULL,
FREMONT,FREMONT,fremont,NULL,
FRIENDLY HILLS,FRNDLY H,friendlyhills,NULL,
FRMN_ISL,FRMN_ISL,FRMNIS_I,NULL,
FRUITLAND,FRUITLND,fruitland,NULL,
FUEL,FUEL,champlin,NULL,
FULLERTON,FULLERTN,fullerton,NULL,
FURNACE,FURNACE,rolling,NULL,
GAGE SAS,GAGE,gage,NULL,
GALAXY,GALAXY,galaxy,NULL,
GALE,GALE,GALE,NULL,
GALLATIN,GALLATIN,gallatin,NULL,
GALVANIZING,GALVANIZ,rollingstrip,NULL,
GANESHA,GANESHA,NULL,NULL,
GARDEN STATE,GARDEN S,convair,NULL,
GARFIELD SAS,GARFLD_S,garfield,NULL,
GARNET ENERGY,GARNET_E,GARNET ENERGY,NULL,
GARVEY SAS,GARVEY,garvey,NULL,
GATX,GATX,gatx,NULL,
GAVILAN,GAVILAN,gavilan,NULL,
GAVIOTA,GAVIOTA,desal,NULL,
GENAMIC,GENAMIC,archline,NULL,
GENE,GENE,gene,NULL,
GENESIS,GENESIS,GENESIS,NULL,
GETTY,GETTY,getty,NULL,
GFID5729,GFID5729,CHINALAKE,NULL,
GILBERT,GILBERT,gilbert,NULL,
GISLER,GISLER,gisler,NULL,
GLENAVON_S,GLNAVNS2,GLEN AVON,NULL,
GLENNVILLE,GLENNVIL,greenhorn,NULL,
GLOW,GLOW,GLOW,NULL,
GMS QF data,GMSqfd,NULL,NULL,
GMS Station,GMSStat,NULL,NULL,
GOLDHILL,GOLDHILL,NULL,NULL,
GOLDTOWN,GOLDTOWN,corum,NULL,
GOLDTOWN12,GOLDTWN2,goldtown,NULL,
GOLDTOWNWIND,GOLDTWND,goldtownwind,NULL,
GOLETA,GOLETA,goleta66,NULL,
GOLETA POLE SW,GOLETA P,goleta66ovw,NULL,
GONZALES,GONZALES,gonzalez,NULL,
GONZALES SAS,GONZAL_S,gonzales,NULL,
GOODRICH,GOODRICH,goodrich,NULL,
GORMAN,GORMAN,frazier,NULL,
GOSHEN,GOSHEN,goshen,NULL,
GOULD,GOULD,GOULD,NULL,
GOULD POLE SW,GOULD P,gould66ovw,NULL,
GRAHAM,GRAHAM,graham,NULL,
GRANADA SAS,GRANADA,granada,NULL,
GRAND CROSSING,GRNDXING,grandcrossing,NULL,
GRANGEVILLE,GRANGEVL,NULL,NULL,
GRAPELAND CUSTTOMER SUB,GRAPELND,grapeland,NULL,
GRAPELAND PEAKER,GRPLNPKR,grapelandpkr,NULL,
GREAT LAKES,GREATLAK,calcement,NULL,
GREEN POWER FPLE,FPL_GPWR,greenpower,NULL,
GREENHORN,GREENHRN,greenhorn,NULL,
GREENING,GREENING,greening,NULL,
GRISSOM,GRISSOM,GRISSOM,NULL,
GRISWOLD,GRISWOLD,griswald,NULL,
GRNET_EN,GRNET_EN,GARNETENERGY,NULL,
GROWGEN,GROWGEN,coldgen,NULL,
Gdc Generators,GdcGen,DMCALH,NULL,
H.GONZALES,H.GONZAL,h.gonzales,NULL,
HAAGEN,HAAGEN,NULL,NULL,
HAIWEE,HAIWEE,inyokern,NULL,
HAMILTON,HAMILTON,hamilton,NULL,
HAMILTON SAS,HAMILT_S,HAMILTON,NULL,
HANFORD,HANFORD,hanford,NULL,
HANFORD B,HANFORDB,handfordb,NULL,
HANFORD_SAS,HANFOR_S,HANFORD,NULL,
HANJIN,HANJIN,hanjin,NULL,
HARBORGEN,HARBORGE,harborgen,NULL,
HARPER,HARPER,NULL,NULL,
HARRY ALLEN,HARRYALL,harryallen,NULL,
HARVARD,HARVARD,NULL,NULL,
HARVEY LYNN,HARVEY L,riverside,NULL,
HASKEL_S,HASKEL_S,haskell,NULL,
HASSAYAM,HASSAYAM,hassayampa,NULL,
HATHAWAY,HATHAWAY,hathaway,NULL,
HAVASU,HAVASU,NULL,NULL,
HAVILAH,HAVILAH,havilah,NULL,
HEDDA,HEDDA,NULL,NULL,
HEDDA_P,HEDDA_P,HEDDA,NULL,
HELENDALE,HELENDAL,helendale,NULL,
HELIJET,HELIJET,helijet,NULL,
HELIOS,HELIOS,CHINALAKE,NULL,
HEMET,HEMET,hemet,NULL,
HESPERIA,HESPERIA,hesperia,NULL,
HI DESERT,HI DESER,hidesert,NULL,
HIGHGROVE,HIGHGROV,highgrove,NULL,
HIGHLAND SAS,HIGHLA_S,highland,NULL,
HIGHWIND,HIGHWIND,HIGHWIND,NULL,
HILL CANYON,HILL_CYN,HILLCANYON,NULL,
HILLGEN,HILLGEN,hillgen,NULL,
HINKLEY,HINKLEY,NULL,NULL,
HINSON,HINSON,hinson,NULL,
HINSON POLE SW,HINSON P,hinson66ovw,NULL,
HINSON RELAYS,HINSON R,hinson66ovw,NULL,
HINSON-B,HINSON B,hinson,NULL,
HINSON_C,HINSON_C,HINSON_C,NULL,
HOLGATE,HOLGATE,holgate,NULL,
HOMART SAS,HOMART_S,homart,NULL,
HOOVER,HOOVER,hoover,NULL,
HOOVER MWD,HOOVER M,hoover,NULL,
HOOVER SCE,HOOVER S,hoover,NULL,
HOPEFUL,HOPEFUL,NULL,NULL,
HOWARD,HOWARD_S,howard,NULL,
HOYT SAS,HOYT,hoyt,NULL,
HUB,HUB,colton,NULL,
HUGHESAIR,HUGHESAI,hughesair,NULL,
HUGHTRON COGEN,HUGHTRON,hughtron,NULL,
HUNTER,HUNTER,riverside,NULL,
HUNTINGTON BCH RELAY,HUNT B R,huntbeach66,NULL,
HUNTINGTON BEACH SAS,HUNT B_S,huntbeach,NULL,
HUNTINGTON PARK,HUNTPARK,huntingtonpark,NULL,
HUSTON SAS,HUSTON,huston,NULL,
HYGEN,HYGEN,hygen,NULL,
High Desert RAS,Hdras,NULL,NULL,
High Level Under Freq Load Shed,Hlufls,NULL,NULL,
ICEGEN,ICEGEN,icegen,NULL,
IDYLLWILD,IDYLLWLD,NULL,NULL,
IE RAS A,INEMRASA,IE RAS A,NULL,
IE RAS B,INEMRASB,IE RAS B,NULL,
IEEC,IEEC,ieec,NULL,
IID-ALHAMBRA,WIALHMBR,iidalhambra,NULL,
IID-ARKANSAS,WIALRKANS,iidarkansas,NULL,
IID-AVE 58,WIAVE58,iidave58,NULL,
IID-COACHELLA VALLEY,WICOAVLY,iidcoavly,NULL,
IID-EL CENTRO,WIELCENT,iidelcentro,NULL,
IID-HIGHLINE,WIHILINE,iidhighline,NULL,
IID-MIDWAY,WIMIDWAY,iidmidway,NULL,
IID-NILAND,WINILAND,iidniland,NULL,
IID-PILOT KNOB,WIPLKNOB,iidpilotknob,NULL,
IID-RAMON,WIRAMON,iidramon,NULL,
IID-SONORA,WISONORA,iidsonora,NULL,
IMPERIAL,IMPERIAL,imperial,NULL,
IMPERIAL VALLEY,IMP VLY,sdimperialvalley,NULL,
INDIAN WELLS,INDIANWL,indianwells,NULL,
INDIGO,INDIGO,indigo,NULL,
INDUSTRY SAS,INDUST_S,industry,NULL,
INGLEWOOD,INGLEWOO,inglewood,NULL,
INJECTION,INJECTIO,injection,NULL,
INLAND,INLAND,hygen,NULL,
INYO,INYO,inyo,NULL,
INYOKERN,INYOKERN,inyokern,NULL,
INYOKERN POLE SW,INYOKERN P,inyokern33ovw,NULL,
IRON MOUNTAIN,IRON MTN,camino,NULL,
IRVINE,IRVINE,irvine,NULL,
IRVINE SAS,IRVINE_S,irvine,NULL,
ISABELLA,ISABELLA,borel,NULL,
ISLA VISTA SAS,ISLVST_S,islavista,NULL,
ISO AGC IN 1,ISOAGCI1,NULL,NULL,
ISO AGC IN 2,ISOAGCI2,NULL,NULL,
ISO AGC IN 3,ISOAGCI3,NULL,NULL,
ISO AGC IN 4,ISOAGCI4,NULL,NULL,
ISORIGS,ISORIGS,NULL,NULL,
IVANPAH,IVANPAH,IVANPAH,NULL,
IVANPAH RAS A,IVNPRASA,IVANPAHRASA,NULL,
IVANPAH RAS B,IVNPRASB,IVANPAHRASB,NULL,
IVAR,IVAR,ivar,NULL,
IVYGLEN SAS,IVYGLE_S,ivyglen,NULL,
Inland Empire Area RAS,Iearas,NULL,NULL,
Ivanpah Area RAS,Iaras,NULL,NULL,
JEFFERSON SAS,JEFRSN_S,jefferson,NULL,
JERSEY,JERSEY,jersey,NULL,
JOHANNA DNP,JOHANA_D,JOHANNA,NULL,
JOHANNA POLE SW,JOHANNA  P,johanna66ovw,NULL,
JOHANNA-A,JOHANA A,NULL,NULL,
JOHANNA-B,JOHANA B,johanna66,NULL,
JOHANNA-C,JOHANA_C,JOHANNAC,NULL,
JOHNAIR,JOHNAIR,gisler,NULL,
JOSE,JOSE,amador,NULL,
JOSHUA TREE,JOSHUATR,joshuatree,NULL,
JULIAN HINDS,JULHINDS,julianhinds,NULL,
JULIAN_C,JULIAN_C,JULIAN,NULL,
JUNCTION,JUNCTION,NULL,NULL,
JURIS ALM DIG CLC,JURISALM,NULL,NULL,
JWA,JWA,JWA,NULL,
KAWEAH,KAWEAH,kaweah,NULL,
KAWGEN,KAWGEN,kaweah,NULL,
KEM,KEM,kem,NULL,
KEMPSTER,KEMPSTER,NULL,NULL,
KERN RIVER 1,KERNRVR1,kernriver,NULL,
KERN RIVER 3,KERNRVR3,kernriver,NULL,
KERNVIL1,KERNVILL,kernriver,NULL,
KIMBALL,KIMBALL,KIMBALL,NULL,
KINDER,KINDER,kinder,NULL,
KINETIC,KINETIC,beejay,NULL,
KINGBIRD,KINGBIRD,KINGBIRD,NULL,
KIRKWALL,KIRKWALL,kirkwall,NULL,
KIWI,KIWI,kiwi,NULL,
KIWI_I,KIWI_I,KIWI,NULL,
KNOB,KNOB,iidovw,NULL,
KRAMER,KRAMER,kramer,NULL,
KRAMER POLE SW,KRAMER P,kramer33ovw,NULL,
KRAMER-B,KRAMER B,kramer115,NULL,
KRAMER_C,KRAMER_C,KRAMER,NULL,
LA CANADA,LA CANAD,lacanada,NULL,
LA CANADA WS,LACNDAWS,LA CANADA WS,NULL,
LA CIENEGA,LACIENS2,LACIENEGA,NULL,
LA CIENEGA POLE SW,LACIEN P,lacienega66ovw,NULL,
LA CIENEGA SAS,LACIEN_S,lacienega,NULL,
LA COLINA,LA COLIN,riverside,NULL,
LA FRESA POLE SW,LAFRES P,lafresa66ovw,NULL,
LA FRESA RELAYS,LAFRES R,lafresa,NULL,
LA HABRA,LA HABRA,lahabra,NULL,
LA MIRADA,LA MIRAD,lamirada,NULL,
LA PALMA,LA PALMA,lapalma,NULL,
LA VETA,LA VETA,laveta,NULL,
LACSD PUENTE HILLS,LACSD_PH,lacsdph,NULL,
LACSDPH,LACSDPH,LACSDPH,NULL,
LAFAYETTE,LAFAYETT,lafayette,NULL,
LAFRESA SAS,LAFRESA,lafresa,NULL,
LAGUNA BELL,LAG BELL,lagunabell,NULL,
LAGUNA BELL 16KV SAS,LAGBEL16,lagbell16,NULL,
LAGUNA BELL POLE SW,LAGBEL P,lagunabell66ovw,NULL,
LAGUNA BELL RELAYS,LAGBEL R,lagunabell,NULL,
LAGUNA BELL-B,LAGBEL B,lagunasupy,NULL,
LAGUNA BELL-C,LAGBEL C,lagunabell66,NULL,
LAKEGEN,LAKEGEN,borel,NULL,
LAKEWOOD,LAKEWOOD,boost,NULL,
LAMBERT,LAMBERT,brea,NULL,
LAMPSON,LAMPSON,lampson,NULL,
LANCASTER,LANCASTR,lancaster,NULL,
LANDING,LANDING,NULL,NULL,
LANPRI,LANPRI,calcement,NULL,
LARDER,LARDER,NULL,NULL,
LARK ELLEN,LARK ELL,larkellen,NULL,
LASLOMAS,LASLOMAS,LASLOMAS,NULL,
LATIGO,LATIGO,latigo,NULL,
LAUGHLIN,LAUGHLIN,mohave,NULL,
LAUREL,LAUREL,laurel,NULL,
LAYFAIR,LAYFAIR,layfair,NULL,
LEATHERNECK,LEATHRNK,Leatherneck,NULL,
LEBEC,LEBEC,lebec,NULL,
LEE VINNING,LEE VNNG,leevinning,NULL,
LEHMAN,LEHMAN,channelisland,NULL,
LEMON COVE,LEMON CV,kaweah,NULL,
LENNOX,LENNOX,lennox,NULL,
LEONIS,LEONIS,leonis,NULL,
LEVY_S,LEVY_S,levy,NULL,
LEWIS,LEWIS,NULL,NULL,
LIBERTY,LIBERTY,liberty,NULL,
LIGHTHIPE,LIGHTHIP,lighthipe,NULL,
LIGHTHIPE COGEN,LIGHTH C,lighthipe2,NULL,
LIGHTHIPE POLE SW,LIGHTH P,NULL,NULL,
LIGHTHIPE RELAYS,LIGHTH R,lighthipe2,NULL,
LIGHTHIPE-2,LIGHTHP2,lighthp2,NULL,
LIMESTONE,LIMESTON,limestone,NULL,
LINDE,LINDE,hygen,NULL,
LINDSAY,LINDSAY,lindsay,NULL,
LINE CREEK,LINE CRK,linecreek,NULL,
LINE OPERATING LIMITS,Sce-LOL,LOL,NULL,
LIQUID,LIQUID,dalton,NULL,
LITTLE LAKE,LTL LAKE,littlelake,NULL,
LITTLE ROCK,LTL ROCK,littlerock,NULL,
LIVEOAK SAS,LIVOAK_S,liveoak,NULL,
LNGBCH_S,LNGBCHS2,LONGBEACH,NULL,
LOADCALC,LOADCALC,loadcalc,NULL,
LOADSHED,LOADSHED,NULL,NULL,
LOCKHEED,LOCKHEED,LOCKHEED,NULL,
LOCUST,LOCUST,locust,NULL,
LORAINE,LORAINE,havilah,NULL,
LOS CERRITOS,LOS CERR,loscerritos,NULL,
LOSULFUR,LOSULFUR,losulfur,NULL,
LOURICH,LOURICH,dairymans,NULL,
LSP,LSP,lsp,NULL,
LT RCC MONITOR,LTRCCMON,ltrccmon,NULL,
LUCAS SAS,LUCAS_S,lucas,NULL,
LUCERNE,LUCERNE,NULL,NULL,
LUGO,LUGO,lugo,NULL,
LUGO RCC MONITOR,LURCCMON,ltrccmon,NULL,
LUGO_B,LUGO_B,LUGO,NULL,
LUNADA,LUNADA,lunada,NULL,
LUNDY,LUNDY,lundy,NULL,
LUNDY_GS,LUNDY_GS,lundy,NULL,
LYNWOOD,LYNWOOD,lynwood,NULL,
Load Var Monitoring,LoadVar,NULL,NULL,
MACARTHUR S3,MCRTHRS3,MACARTHURS3,NULL,
MADRID,MADRID,madrid,NULL,
MAGMAGEN,MAGMAGEN,magmagen,NULL,
MAGNOLIA NE,MAGNOLIA,MAGNOLIA,NULL,
MAGUNDEN,MAGUNDEN,magunden,NULL,
MAGUNDEN B,MAGUND_B,magundenb,NULL,
MALBURG GENERATION,MALBURG,malburg,NULL,
MALIBU,MALIBU,malibu,NULL,
MAMOTH,MAMOTH,mammoth,NULL,
MANDALAY SAS,MANDLY_S,mandalay,NULL,
MANDIBLE,MANDIBLE,MANDIBLE,NULL,
MANHATTAN SAS,MANHATAN,manhattan,NULL,
MANZANA,MANZANA,MANZANA,NULL,
MARASCHINO SAS,MARASC_S,maraschino,NULL,
MARINE,MARINE,marine,NULL,
MARION_S,MARION_S,marion,NULL,
MARIPOSA,MARIPOSA,MARIPOSA,NULL,
MARKET PLACE,MARKETPL,NULL,NULL,
MARYMOUNT,MARYMOUN,palogen,NULL,
MASCOT,MASCOT,MASCOT,NULL,
MAXWELL SAS,MAXWEL_S,maxwell,NULL,
MAYBERRY SAS,MAYBER_S,mayberry,NULL,
MAYFLOWER,MAYFLOWR,mayflower,NULL,
MAYWOOD,MAYWOOD,maywood,NULL,
MCARTHUR,MCARTHUR,mcarthur,NULL,
MCCULLOUGH,MCCULGH,mccullough,NULL,
MCGEN,MCGEN,inyokern,NULL,
MCGRATH BEACH CUSTOMER SUB,MCGRATH,mcgrath,NULL,
MCGRATH BEACH PEAKER,MCGRAPKR,mcgrathpkr,NULL,
MCNEIL,MCNEIL,MCNEIL,NULL,
MCNEIL_P,MCNEIL_P,MCNEIL,NULL,
MEAD,MEAD,mead,NULL,
MENTONE,MENTONE,maraschino,NULL,
MERCED SAS,MERCED_S,merced,NULL,
MERCHANT,MERCHANT,merchant,NULL,
MESA POLE SW,MESA  P,mesa66ovw,NULL,
MESA RCC,MERCCMON,MERCCMON,NULL,
MESA SAS,MESA_S,mesa,NULL,
METAL CAN,METALCAN,NULL,NULL,
MICHILLINDA,MICHILLI,michillinda,NULL,
MIDWAY,MIDWAY,midway,NULL,
MIDWIND,MIDWIND,midwind,NULL,
MIGUEL,MIGUEL,sdmiguel,NULL,
MILLER,MILLER,miller,NULL,
MILLIKEN,MILLIKEN,milliken,NULL,
MINARET,MINARET,minaret,NULL,
MINNEOLA,MINNEOLA,NULL,NULL,
MIRA LOMA,MIR LOMA,miraloma,NULL,
MIRA LOMA B,MIR LO_B,miralomab,NULL,
MIRA LOMA C,MIR LO_C,miralomac,NULL,
MIRA LOMA COGEN KW,MIRLO KW,NULL,NULL,
MIRA LOMA COGEN MW,MIRLO MW,NULL,NULL,
MIRA LOMA D,MIR LO_D,miralomad,NULL,
MIRA LOMA PEAKER,MLOMAPKR,miralomapkr,NULL,
MIRA LOMA RELAYS,MIR LO R,NULL,NULL,
MIRA LOMA WS,MIRALMWS,MIRALWS,NULL,
MIRAGE,MIRAGE,mirage,NULL,
MIRAGE P,MIRAGE P,mirage115ovw,NULL,
MIRAGE SAS,MIRAGE_S,mirage,NULL,
MIRAGE_RT1,MIRAGRT1,MIRAGE,NULL,
MIRALOMA 12KV SAS,MIRALO12,miraloma12,NULL,
MIRAPOSA,MIRAPOSA,columbine,NULL,
MIRLO_S2,MIRLO_S2,MIRLO_S2,NULL,
MISSILE,MISSILE,NULL,NULL,
MISSION,MISSION,sdmission,NULL,
ML DAC TEST RTU,ML_DAC,ML DAC,NULL,
ML PORTABLE GEN 1,MLPRGEN1,NULL,NULL,
ML RCC MONITOR,MLRCCMON,mlrccmon,NULL,
MOBIL OIL,MOBIL OI,mobiloil,NULL,
MODENA,MODENA,modena,NULL,
MODOC,MODOC,modoc,NULL,
MOENKOPI,MOENKOPI,moenkopi,NULL,
MOGEN,MOGEN,southbase,NULL,
MOHAVE,MOHAVE,mohave,NULL,
MOHAVE_C,MOHAVE_C,MOHAVE,NULL,
MOHAVE_SAS,MOHAVE_S,MOHAVE,NULL,
MOJAVERASA,MODRASA,MODRASA,NULL,
MOJAVERASB,MODRASB,MODRASB,NULL,
MONETA,MONETA,moneta,NULL,
MONOLITH,MONOLITH,monolith,NULL,
MONOLITH CEMENT,MONO CMT,monolith,NULL,
MONOLITH SAS,MONOLI_S,monolith,NULL,
MONO_BSS,MONO_BSS,MONO_BSS,NULL,
MONROVIA,MONROVIA,monrovia,NULL,
MONTECITO,MONTECIT,montecito,NULL,
MOOG,MOOG,moog,NULL,
MOONEY,MOONEY,NULL,NULL,
MOORPARK,MOORPARK,moorpark,NULL,
MOORPARK B,MOORPK B,moorpark,NULL,
MOORPARK POLE SW,MOORPK P,moorpark66ovw,NULL,
MORAGA,MORAGA,moraga,NULL,
MORAGA 115KV,MORAG115,MORAG115,NULL,
MORENO,MORENO,moreno,NULL,
MORGAN,MORGAN,morgan,NULL,
MORNINGSIDE,MORNINGS,morningside,NULL,
MORRO,MORRO,morro,NULL,
MORWIND,MORWIND,morwind,NULL,
MOULTON,MOULTON,moulton,NULL,
MOUNTWIND,MOUNTWND,mountwind,NULL,
MOVAL,MOVAL,moval,NULL,
MOVIE,MOVIE,movie,NULL,
MP RCC MONITOR,MPRCCMON,mprccmon,NULL,
MT TOM,MT TOM,mttom,NULL,
MTN CENTER,MTN CNTR,mtncenter,NULL,
MTN PASS,MTN PASS,mtnpass,NULL,
MTN VIEW,MTN VIEW,mtnview,NULL,
MURPHY,MURPHY,murphy,NULL,
MURRIETA,MURRIETA,murrietta,NULL,
MUSCOY,MUSCOY,NULL,NULL,
MV_RASA,MV_RASA,MVRAS,NULL,
MV_RASB,MV_RASB,MVRAS,NULL,
MW to Mvar Ratio Calculation,MVR_CAL,NULL,NULL,
MWD COYOTE CREEK,MWD COYO,lahabra,NULL,
MWD ETIWANDA,MWD ETIW,etiwanda66,NULL,
MWD FOOTHILL,MWD FOOT,thatcher,NULL,
MWD SAN DIMAS,MWD SDIM,gardenstate,NULL,
MWD VENICE,MWD VENI,mwdvenice,NULL,
MWD YORBA LINDA,MWD YORB,burpit,NULL,
M_WILSON,M_WILSON,mtwilson,NULL,
Mapboard,Mapboard,NULL,NULL,
Midway-Vincent RAS,MVRAS,NULL,NULL,
Midway-Vincent RAS N-2,MVRAS2,NULL,NULL,
Mohave Sched Adj Sta,MohSchdA,NULL,NULL,
Mojave Desert RAS,Modras,NULL,NULL,
Mountainview RAS,Mvppras,NULL,NULL,
NAOMI,NAOMI,naomi,NULL,
NAPLES SAS,NAPLES_S,naples,NULL,
NAROD_S,NAROD_S,narod,NULL,
NARROWS,NARROWS,narrows,NULL,
NAVAJO,NAVAJO,srpnavajo,NULL,
NAVY II,NAVY II,chinalake,NULL,
NEENACH,NEENACH,neenach,NULL,
NEENACH4,NEENACH4,NEENACH4,NULL,
NELSON SAS,NELSON_S,nelson,NULL,
NEPTUNE,NEPTUNE,neptune,NULL,
NETWORK PSUEDO1,NETPSU1,NULL,NULL,
NEVADA SOLAR ONE,NSO,dwpadelanto,NULL,
NEWBURY_SAS,NEWBRY_S,NEWBURY,NULL,
NEWCOMB SAS,NEWCOM_S,NULL,NULL,
NEWHALL,NEWHALL,newhall,NULL,
NEWMARK,NEWMARK,newmark,NULL,
NIETOS,NIETOS,procal,NULL,
NIGUEL,NIGUEL,niguel,NULL,
NILAND,NILAND,iidovw,NULL,
NOGALES,NOGALES,nogales,NULL,
NOLA,NOLA,nola,NULL,
NORCO,NORCO,norco,NULL,
NORSEAL,NORSEAL,college,NULL,
NORTH GILA,NO GILA,sdnorthgila,NULL,
NORTH INTAKE,NORTHIN,northintake,NULL,
NORTH MUROC   LUG4,N.MUROC,northmuroc,NULL,
NORTH OAKS,NO OAKS,northoaks,NULL,
NORTHRUP,NORTHRUP,NULL,NULL,
NORTHWIND,NORTHWND,northwind,NULL,
NORWELD,NORWELD,norweld,NULL,
NRGESPWR,NRGESPWR,NRGESPWR,NULL,
NSPSTATION,NSPSTAT,NULL,NULL,
NSPSTATION2,NSPSTAT2,NULL,NULL,
NUEVO,NUEVO,NULL,NULL,
NUGGET,NUGGET,nugget,NULL,
OAK GROVE,OAK GROV,oakgrove,NULL,
OAK PARK,OAK PARK,oakpark,NULL,
OAK PARK SAS,OAKPAR_S,oakpark,NULL,
OAKWIND,OAKWIND,oakwind,NULL,
OASIS,OASIS,oasis,NULL,
OCASO,OCASO,OCASO,NULL,
OCEANPARK,OCEANPRK,oceanpark,NULL,
OCEANVIEW,OCEAN VW,oceanview,NULL,
OCTOL,OCTOL,laurel,NULL,
OCTOL C,OCTOLC,octolc,NULL,
OCTOLB,OCTOLB,octolb,NULL,
OIS Local IO 1,OISLIO1,oislio1,NULL,
OJAI,OJAI,OJAI,NULL,
OJAI_B,OJAI_B,ojaib,NULL,
OLDFIELD,OLDFIELD,OLDFIELD,NULL,
OLINDA 500,OLINDA 5,pgeolinda,NULL,
OLINDA POLE SWITCH,OLINDA P,NULL,NULL,
OLINDA RELAYS,OLINDA R,olinda66ovw,NULL,
OLINDA-A,OLINDA A,NULL,NULL,
OLINDA-B,OLINDA B,olinda66,NULL,
OLIVE LAKE,OLIVE LK,NULL,NULL,
OLVELK_I,OLVELK_I,OLVELK_I,NULL,
OLYMPIC,OLYMPIC,olympic,NULL,
OMAR,OMAR,omar,NULL,
ONEILL-A,ONEILL A,oneill,NULL,
ONEILL_S,ONEILL_S,ONEILL,NULL,
ONSHORE,ONSHORE,ONSHORE,NULL,
ONTARIO,ONTARIO,ontario,NULL,
ORANGE,ORANGE,orange,NULL,
ORANGE COUNTY COGEN,ORNGCGEN,ORANGECOUNTYCOGE,NULL,
ORANGE PRODUCTS,OR PRODS,sanantonio,NULL,
ORANGEWATER,ORANGEWA,oceanview,NULL,
ORCOGEN,ORCOGEN,lafayette,NULL,
ORCOSAN,ORCOSAN,ORCOSAN,NULL,
ORDWAY,ORDWAY,NULL,NULL,
ORE GRANDE,ORE GRAN,orogrande,NULL,
ORMOND BEACH SAS,ORMOND_S,ormondbeach,NULL,
ORTEGA,ORTEGA,ortega,NULL,
OSO CDWR,OSO CDWR,oso,NULL,
OUTFALL,OUTFALL,outfall,NULL,
OWILL,OWILL,casting,NULL,
OXBOW,OXBOW,control,NULL,
OXGEN,OXGEN,procgen,NULL,
OXNARD,OXNARD,oxnard,NULL,
PACIFIC N/W 500,PACIFIC,NULL,NULL,
PACKAGE,PACKAGE,thatcher,NULL,
PACLINE,PACLINE,pacline,NULL,
PADUA,PADUA,padua,NULL,
PADUA 66,PADUA-B,padua-b,NULL,
PADUA POLE SWITCH,PADUA  P,padua66ovw,NULL,
PADUA RELAYS,PADUA  R,padua66ovw,NULL,
PADUA_S,PADUA_S,PADUA,NULL,
PALM,PALM,palm,NULL,
PALM VILLAGE,PALM VIL,palmvillage,NULL,
PALMCANYON,PALMCNYN,PALMCANYON,NULL,
PALMDALE SAS,PLMDAL_S,palmdale,NULL,
PALO VERDE,P VERDE,paloverde,NULL,
PALOGEN,PALOGEN,palogen,NULL,
PALOSVRD,PALOSVRD,palosverde,NULL,
PANDOLGEN,PANDOLGN,captive,NULL,
PAPERMATE,PAPERMAT,NULL,NULL,
PAPER_I,PAPER_I,PAPER,NULL,
PARDEE,PARDEE,pardee,NULL,
PARDEE COGEN MW,PARDEE C,NULL,NULL,
PARDEE RELAYS,PARDEE R,pardeeovw,NULL,
PARDEE_B,PARDEE_B,PARDEE,NULL,
PARKER,PARKER,parker69,NULL,
PARKWOOD,PARKWOOD,norweld,NULL,
PARKWOOD SAS,PARKWD_S,lafresa,NULL,
PASSONS,PASSONS,passons,NULL,
PASTORIA 1,PSTORIA1,pastoria,NULL,
PAUBA SAS,PAUBA_S,pauba,NULL,
PAULARINO SAS,PAULARNO,paularino,NULL,
PEARBLOSSOM,PEARBLOS,pearblossom,NULL,
PEARL SAS,PEARL,pearl,NULL,
PECHANGA SAS,PECHAN_S,pechanga,NULL,
PEDLEY,PEDLEY,pedley,NULL,
PEERLESS,PEERLESS,peerless,NULL,
PEF_RASA,PEF_RASA,pef_rasa,NULL,
PEF_RASB,PEF_RASB,pef_rasb,NULL,
PEPPER SAS,PEPPER_S,pepper,NULL,
PEREZ,PEREZ,perez,NULL,
PEREZ_I,PEREZ_I,PEREZ,NULL,
PERFORMANCE SAS,PERFRM_S,performance,NULL,
PERKINS,PERKINS,NULL,NULL,
PERMANENTE,PERMANEN,permanente,NULL,
PERRY,PERRY,perry,NULL,
PEYTON SAS,PEYTON_S,peyton,NULL,
PGAE 500,PGAE,pacificac,NULL,
PGE-CAPTAIN JACK,WPCAPTJK,bpacaptainjack,NULL,
PGE-DIABLO,WPDIABLO,pgediablo,NULL,
PGE-GATES,WPGATES,pgegates,NULL,
PGE-LOS BANOS,WPLBANOS,pgelosbanos,NULL,
PGE-MALIN,WPMALIN,pgemalin,NULL,
PGE-MAXWELL,WPMAXWEL,pgeolinda,NULL,
PGE-METCALF,WPMETCAL,pgemetcalf,NULL,
PGE-MIDWAY,WPMIDWAY,pgemidway,NULL,
PGE-MOSS LANDING,WPMOSLND,pgemosslanding,NULL,
PGE-OLINDA,WPOLINDA,pgeolinda,NULL,
PGE-ROUND MTN,WPRNDMTN,pgeroundmt,NULL,
PGE-TABLE MTN,WPTBLMTN,pgetablemt,NULL,
PGE-TESLA,WPTESLA,pgetesla,NULL,
PGE-TRACY,WPTRACY,pgetracy,NULL,
PGE-VACA DIXON,WPVACDXN,pgevacadixon,NULL,
PHARMACY,PHARMACY,pharmacy,NULL,
PHELAN,PHELAN,phelan,NULL,
PICO_I,PICO_I,THUMS,NULL,
PICO_RT1,PICO_RT1,PICO,NULL,
PIER,PIER,PIER,NULL,
PIERPONT,PIERPONT,pierpont,NULL,
PILOT KNOB,PILOT KN,iidovw,NULL,
PIONEER,PIONEER,pioneer,NULL,
PIPE,PIPE,ameron,NULL,
PISGAH,PISGAH,pisgah,NULL,
PITCHGEN,PITCHGEN,thatcher,NULL,
PITMAN,PITMAN,pitman,NULL,
PITMAN_D,PITMAN_D,PITMAN,NULL,
PIUTE,PIUTE,piute,NULL,
PIXLEY_S,PIXLEY_S,PIXLEY,NULL,
PLACENTIA,PLACENTI,atwood,NULL,
PLASTER,PLASTER,NULL,NULL,
PLASTIC,PLASTIC,plastic,NULL,
PLAYA SAS,PLAYA,playa,NULL,
PLAZA,PLAZA,riverside,NULL,
PLUESS,PLUESS,NULL,NULL,
POLARIS,POLARIS,lennox,NULL,
POLYPRO,POLYPRO,polypro,NULL,
POMONA,POMONA,pomona,NULL,
POOLE,POOLE,poole,NULL,
POOLERT1,POOLERT1,POOLE,NULL,
POPLAR1,POPLAR1,poplar1,NULL,
POPLAR2,POPLAR2,poplar2,NULL,
POPLAR_I,POPLAR_I,poplar,NULL,
PORT OF LONG BEACH,POLB,pico,NULL,
PORTAL,PORTAL,portal,NULL,
PORTER,PORTER,porter,NULL,
PORTERVILLE,PORTERVL,porterville,NULL,
PORTERVILLE B,PRTRVL B,porterville,NULL,
POTRERO,POTRERO,potrero,NULL,
POWERINE,POWERINE,powerine,NULL,
PROCAL,PROCAL,procal,NULL,
PROCESS,PROCESS,process,NULL,
PROCGEN,PROCGEN,procgen,NULL,
PROCTOR,PROCTOR,proctor,NULL,
PROTEIN,PROTEIN,protein,NULL,
PUENTE,PUENTE,NULL,NULL,
PUREWATER,PUREWATR,purewater,NULL,
PURIFY,PURIFY,purify,NULL,
Pastoria RAS,Pefras,NULL,NULL,
Pmu,Pmu,NULL,NULL,
QUARTZ HILL,QUARTZ H,quartzhill,NULL,
QUARTZ HILL SAS,QUARTZHL,quartzhill,NULL,
QUINN,QUINN,browning,NULL,
RAILROAD,RAILROAD,railroad,NULL,
RAILROAD CYN,RAILRDCY,NULL,NULL,
RALPHS,RALPHS,carson,NULL,
RAMON,RAMON,ramon,NULL,
RAMONA,RAMONA,ramona,NULL,
RANCHO,RANCHO,rancho,NULL,
RANCHO VISTA SAS,RANCHO_V,RANCHOVISTA,NULL,
RANDALL SAS,RANDAL_S,randall,NULL,
RANDOLPH,RANDOLPH,randolph,NULL,
RANDSBURG,RANDSBRG,randsberg,NULL,
RAVNDALE,RAVNDAL,ravendale,NULL,
RE RCC MONITOR,RERCCMON,rerccmon,NULL,
RECLAIM,RECLAIM,shelline,NULL,
RECOVERY,RECOVERY,recovery,NULL,
RECTIFIER,RECTIFIE,rectifier,NULL,
RECTOR,RECTOR,rector,NULL,
RECTOR C,RECTOR C,rector,NULL,
RECTOR POLE SW,RECTOR P,rector66ovw,NULL,
RECTOR SVC,RECT_SVC,rectorsvc,NULL,
RECTOR_D,RECTOR_D,RECTOR,NULL,
RED BLUFF,REDBLFS2,REDBLUFF,NULL,
REDLANDS SAS,REDLND_S,REDLANDS,NULL,
REDMAN,REDMAN,piute,NULL,
REDOND16,REDOND16,redondo16,NULL,
REDONDO,REDONDO,redondo,NULL,
REDONDO RELAYS,REDOND R,redondo,NULL,
REDUCTION,REDUCTIO,forge,NULL,
REDUCTN,REDUCTN,REDUCTION,NULL,
REFINERY,REFINERY,pacline,NULL,
REFUSE,REFUSE,refuse,NULL,
RENO,RENO,reno,NULL,
RENWIND,RENWIND,renwind,NULL,
REPETTO,REPETTO,repetto,NULL,
REPRO,REPRO,hughesair,NULL,
REVITAL,REVITAL,astro,NULL,
REYNOLDS,REYNOLDS,NULL,NULL,
RIDGEGREST,RIDGECRS,ridgecrest,NULL,
RINDGE,RINDGE,rindge,NULL,
RINGMILL,RINGMILL,NULL,NULL,
RIO HONDO POLE SW,RHONDO P,riohondo66ovw,NULL,
RIO HONDO-B,R HONDOB,riohondo66,NULL,
RIOHONDO SAS,RIOHON_S,riohondo,NULL,
RIOHONDO220,RHOND220,RIOHONDO,NULL,
RIPLEY,RIPLEY,ripley,NULL,
RIPLEY_I,RIPLEY_I,RIPLEY_I,NULL,
RITEAID,RITEAID,riteaid,NULL,
RITTER RANCH,RITTERRA,ritterranch,NULL,
RIVERA,RIVERA,RIVERA,NULL,
RIVERSIDE,RIVERSID,riverside,NULL,
RIVERSIDE POLE SW,RIVERS P,riverside,NULL,
RIVERTEX,RIVERTEX,anaverde,NULL,
RIVERWAY SAS,RIVERWAY,NULL,NULL,
ROADWAY,ROADWAY,roadway,NULL,
ROADWAY SAS 2,RDWY_SA2,ROADWAY,NULL,
ROCKAIR,ROCKAIR,helijet,NULL,
ROCKET TEST,ROCKET T,southbase,NULL,
ROLLING,ROLLING,rolling,NULL,
ROLLING HILLS,ROLLINGH,rollinghills,NULL,
ROSAMOND,ROSAMOND,rosamond,NULL,
ROSAMOND 1,ROSAMON1,ROSAMOND,NULL,
ROSECRANS,ROSECRAN,rosecrans,NULL,
ROSEMEAD,ROSEMEAD,rosemead,NULL,
ROSEMEADOW,ROSEMDOW,rosemeadow,NULL,
ROYAL SAS,ROYAL _S,royal,NULL,
RTEMCOGEN,RTEMCOGE,rtemcogen,NULL,
RUNNING SPRINGS,RUNNINGS,runningsprings,NULL,
RUSH,RUSH,rush,NULL,
RUSH CREEK,RUSH CRK,rushcreek,NULL,
RUSH_SAS,RUSH_S,RUSH,NULL,
S/O Magunden Station,SOMagSta,NULL,NULL,
SAN ANTONIO,SN ANTON,sanantonio,NULL,
SAN BERDO POLE SW,SN BER P,sanbern66ovw,NULL,
SAN BERNADINO SAS,SNBERD_S,sanbernardino,NULL,
SAN BERNARDINO SAS 2,SNBER_S2,SANBERNARDINO,NULL,
SAN DIMAS,SN DIMAS,sandimas,NULL,
SAN FERNANDO,SFERNAND,sanfernando,NULL,
SAN GABRIEL,SGABRIEL,sangabriel,NULL,
SAN JACINTO,SN JACIN,NULL,NULL,
SAN MARCOS,SN MARCS,sanmarcos,NULL,
SAN MARINO,S MARINO,sanmarino,NULL,
SAN MIGUEL SAS,SNMIGU_S,sanmiguel,NULL,
SAN ONOFRE,SONGS,sanonofre,NULL,
SAN ONOFRE RELAYS,SONGS  R,sanonofre,NULL,
SAN VICENTE,S VICENT,sanvicente,NULL,
SANDLOT,SANDLOT,SANDLOT,NULL,
SANGAR,SANGAR,sangar,NULL,
SANIGEN,SANIGEN,diamondbar,NULL,
SANTA CLARA POLE SW,SCLARA P,santaclara66ovw,NULL,
SANTA CLARA SAS,SNCLAR_S,santaclara,NULL,
SANTA FE SPRINGS SAS,SF SPG_S,santafesprings,NULL,
SANTA MONICA,S MONICA,santamonica,NULL,
SANTA ROSA,SNT ROSA,santarosa,NULL,
SANTA SUSANA,S SUSANA,santasusana,NULL,
SANTA SUSANA SAS,S_SUSANA,santasusana,NULL,
SANTEE,SANTEE,santee,NULL,
SANTIAGO,SANTIAGO,SANTIAGO,NULL,
SANTIAGO POLE SW,SANTIA P,santiago66ovw,NULL,
SANTIAGO RAS A,SNTIRASA,SANTIAGORAS,NULL,
SANTIAGO RAS B,SNTIRASB,santiagoras,NULL,
SANTIAGO RELAYS,SANTIA R,santiago,NULL,
SANTIAGO SAS,SANTIA_S,santiago,NULL,
SANWIND,SANWIND,sanwind,NULL,
SAR,SAR,sar,NULL,
SATICOY,SATICOY,saticoy,NULL,
SAUGUS,SAUGUS,saugus,NULL,
SAUGUS POLE SW,SAUGUS P,saugus66ovw,NULL,
SAUGUS-B,SAUGUS B,saugus66,NULL,
SAUGUS_C,SAUGUS_C,saugusc,NULL,
SAVAGE SAS,SAVAGE_S,savage,NULL,
SAWTELLE,SAWTELLE,sawtelle,NULL,
SDG - PALOMAR ENERGY,WSPALOMR,NULL,NULL,
SDG-138 ENCINA,WSENC138,sdencina,NULL,
SDG-138 MISSION,WSMIS138,sdmission,NULL,
SDG-138 TALEGA,WSTAL138,sdtalega,NULL,
SDG-230 ENCINA,WSENCINA,sdencina,NULL,
SDG-230 MISSION,WSMISSN,sdmission,NULL,
SDG-230 TALEGA,WSTALEGA,sdtalega,NULL,
SDG-BATIQUITOS,WSBATIQU,NULL,NULL,
SDG-CANON,WSCANON,sdcanon,NULL,
SDG-CAPISTRANO,WSCAPIST,NULL,NULL,
SDG-CARLTON HILLS,WSCARLTN,NULL,NULL,
SDG-CHICARITA,WSCHICAR,NULL,NULL,
SDG-DOUBLETT,WSDOUBLT,sandiegoovw,NULL,
SDG-EAST COUNTY,WSECNTY,sdeastcounty,NULL,
SDG-ESCONDIDO,WSESCOND,NULL,NULL,
SDG-IMPERIAL VALLEY,WSIMPVLY,sdimperialvalley,NULL,
SDG-LAGUNA NIGUEL,WSLAGNIG,NULL,NULL,
SDG-LOS COCHES,WSLOSCOC,NULL,NULL,
SDG-MARGARITA,WSMARGAR,sdmargarita,NULL,
SDG-MIGUEL,WSMIGUEL,sdmiguel,NULL,
SDG-OCOTILLO,WSOCOTIL,NULL,NULL,
SDG-OLD TOWN,WSOLDTWN,sdoldtown,NULL,
SDG-PALOMAR AIRPORT,WSPARPRT,sdpalomarairport,NULL,
SDG-PENASQUITOS,WSPENASQ,NULL,NULL,
SDG-PICO,WSPICO,sdpico,NULL,
SDG-RANCHO MISSION VIEJO,WSRNCHMV,sdranchomv,NULL,
SDG-SAN LUIS REY,WSLUIREY,NULL,NULL,
SDG-SAN MATEO,WSSANMAT,NULL,NULL,
SDG-SHADOW RIDGE,WSSHRDGE,sdshadowridge,NULL,
SDG-SILVERGATE,WSSILVGT,sdmission,NULL,
SDG-SOUTH BAY,WSSOBAY,NULL,NULL,
SDG-TRABUCO,WSTRABUC,sandiegoovw,NULL,
SDG-TRANSMISSION,WSTRANS,sandiegoovw,NULL,
SDG-TRANSMISSION 2,WSTRANS2,NULL,NULL,
SDGE OTAY MESA,WSOTAYME,WSOTAYME,NULL,
SDGE SUNCREST,WSSNCRST,SUNCREST,NULL,
SDGE SYCAMORE CANYON,WSSYCCAN,SYCAMORECANYON,NULL,
SEABRIGHT,SEABRGHT,seabright,NULL,
SEARLES,SEARLES,inyokern,NULL,
SEARLES POLE SW,SEARLES P,searles33ovw,NULL,
SECOND AVE,SECOND,second,NULL,
SECOND AVE_I,SECOND_I,SECOND_I,NULL,
SEGS,SEGS,tortilla,NULL,
SEPULVEDA,SEPULVED,sepulveda,NULL,
SERRANO,SERRANO,NULL,NULL,
SERRANO-B2,SERNO B2,serrano220,NULL,
SERRFGEN,SERRFGEN,champlin,NULL,
SERVER,SERVER,SERVER,NULL,
SHANDIN SAS,SHANDI_S,shandin,NULL,
SHARON,SHARON,sharon,NULL,
SHAWNEE SAS,SHAWNE_S,shawnee,NULL,
SHAWNEE WS,SHAWNEWS,SHAWNEE WS,NULL,
SHELL WATT,SHELL WA,gatx,NULL,
SHELLINE,SHELLINE,shelline,NULL,
SHELLSOM,SHELLSOM,shellsom,NULL,
SHERWIN,SHERWIN,sherwin,NULL,
SHIP,SHIP,SHIP,NULL,
SHRED,SHRED,NULL,NULL,
SHULTZ,SHULTZ,shultz,NULL,
SHUTTLE SAS,SHUTTL_S,shuttle,NULL,
SIERRA MADRE,SIERRAMA,sierramadre,NULL,
SIGGEN,SIGGEN,powerine,NULL,
SIGNAL HILL,SIGNAL H,signalhill,NULL,
SILVER PEAK,SILVR PK,silverpeak,NULL,
SILVER SPUR,SLVRSPUR,silverpeak,NULL,
SIMPSON PAPER,SIMPSON,convair,NULL,
SIXTEENTH ST,SXTEEN_D,sixteenthst,NULL,
SJV RAS A,SJV_RASA,sjvrasa,NULL,
SJV RAS B,SJV_RASB,sjvrasa,NULL,
SKILAND 1,SKILAND1,skiland,NULL,
SKILAND 2,SKILAND2,skiland,NULL,
SKYLARK SAS,SKYLRK_S,skylark,NULL,
SKYRIVER,SKYRIVER,skyriver,NULL,
SLATER,SLATER,slater,NULL,
SMILEY,SMILEY,smiley,NULL,
SOCO,SOCO,recovery,NULL,
SOLEIL,SOLEIL,SOLEIL,NULL,
SOLEMINT,SOLEMINT,solemint,NULL,
SOLRNCH1,SOLRNCH1,SOLAR_RANCH1,NULL,
SOMIS,SOMIS,somis,NULL,
SOMMERSET,SOMERSET,somerset,NULL,
SONY,SONY,NULL,NULL,
SOPIPE,SOPIPE,diamondbar,NULL,
SOPORT,SOPORT,blackmt,NULL,
SOQUEL SAS,SOQUEL_S,soquel,NULL,
SOUTH CAP,SO_CAP,southcap,NULL,
SOUTHBASE,SOUTHBAS,southbase,NULL,
SOUTHDOWN,SOUTHDWN,southdown,NULL,
SOUTHGATE,SOUTHGAT,southgate,NULL,
SOUTHPAC,SOUTHPAC,southpac,NULL,
SOUTHWIND,SOUTHWND,southwind,NULL,
SPACE,SPACE,galaxy,NULL,
SPONGE,SPONGE,mercury,NULL,
SPRINGVILLE,SPRNGVIL,springville,NULL,
SPRINGVILLE C,SPRGVL C,springvillec,NULL,
SPRINGVILLE D,SPRNGVLD,SPRINGVILLE D,NULL,
SPRINGVILLE POLE SW,SPRGVL P,NULL,NULL,
SPRINGVILLE RELAYS,SPRGVL B,springville66,NULL,
SPV001FN,SPV001FN,SPV,NULL,
SPV002CH,SPV002CH,SPV,NULL,
SPV003 RIALTO,SPV003RI,SPV,NULL,
SPV018FO,SPV018FO,spv,NULL,
SPV042 PORTERVILLE,SPV42POR,SPV,NULL,
SPVP_MTV,SPVP_MTV,SPVP_MTV,NULL,
SRP-ANDERSON,WRANDERS,NULL,NULL,
SRP-BROWNING,WRBROWNG,NULL,NULL,
SRP-CHOLLA,WRCHOLLA,NULL,NULL,
SRP-CORONADO,WRCORONA,NULL,NULL,
SRP-HASSAYAMPA,WRHSYMPA,hassayampa,NULL,
SRP-JOJOBA,WRJOJOBA,JOJOBA,NULL,
SRP-KYRENE,WRKYRENE,srpkyrene,NULL,
SRP-NAVAJO,WRNAVAJO,srpnavajo,NULL,
SRP-ORME,WRORME,NULL,NULL,
SRP-PERKINS,WRPERKINS,perkins,NULL,
SRP-SILVER KING,WRSILVER,NULL,NULL,
SRP-SUGARLOAF,WRSUGRLF,srpsugarloaf,NULL,
SRP-WESTWING,WRWWING,srpwestwing,NULL,
STADIUM,STADIUM,stadium,NULL,
STADLER SAS,STADLR_S,stadler,NULL,
STANHILL,STANHILL,stanhill,NULL,
STATE STREET,STATE ST,NULL,NULL,
STENT,STENT,stent,NULL,
STETSN_S,STETSN_S,stetson,NULL,
STEVEDORE,STEVEDOR,STEVEDORE,NULL,
STEWART,STEWART,stewart,NULL,
STHOFLUG,STHOFLUG,sthoflug,NULL,
STIRRUP,STIRRUP,stirrup,NULL,
STODDARD,STODDARD,stoddard,NULL,
STRATHMORE,STRATMOR,strathmore,NULL,
STRIP,STRIP,rolling,NULL,
STUDIO,STUDIO,studio,NULL,
SULLIVAN,SULLIVAN,sullivan,NULL,
SUN CITY SAS,SUN_CITY,suncity,NULL,
SUNCREEK,SUNCREEK,SUNCREEK,NULL,
SUNGEN,SUNGEN,sungen,NULL,
SUNNYHILLS,SUNNYHLS,gilbert,NULL,
SUNNYSIDE,SUNNYSID,sunnyside,NULL,
SUNSHINE,SUNSHINE,SUNSHINE,NULL,
SYCAMORE,SYCAMORE,sycamore,NULL,
SYLMAR,SYLMAR,sylmar,NULL,
SYSTEM,SYSTEM,NULL,NULL,
S_BARB_S,S_BARB_S,stbarbara,NULL,
San Joaquin Valley RAS,Sjvras,sjvras,NULL,
Santiago Operations,SantOpr,NULL,NULL,
Santiago RAS,Sntras,NULL,NULL,
Songs Operation,SongOpr,NULL,NULL,
South Lugo N-3 Direct Load Shed,MLLVLS,NULL,NULL,
South Of Lugo RAS,Solras,NULL,NULL,
TAHITI,TAHITI,tahiti,NULL,
TALBERT,TALBERT,talbert,NULL,
TALBERT SA2,TALBRT_S,TALBERT,NULL,
TALEGA,TALEGA,sdtalega,NULL,
TAMARISK,TAMARISK,buckwind,NULL,
TAMARISK SAS,TAMARI_S,tamarisk,NULL,
TANKER,TANKER,maxwell,NULL,
TAPIA,TAPIA,tapia,NULL,
TAYSHELL,TAYSHELL,getty,NULL,
TEAM,TEAM,team,NULL,
TEHACHAPI,TEHACHAP,tehachapi,NULL,
TEHACHAPI 2,TEHACHA2,tehachapi,NULL,
TELEGRAPH,TELEGRAP,telegraph,NULL,
TEMESCAL,TEMESCAL,temescal,NULL,
TEMESCAL STORAGE,CRST5277,TEMESCALSTORAGE,NULL,
TEMPLE,TEMPLE,temple,NULL,
TENAJA,TENAJA,TENAJA,NULL,
TENGEN,TENGEN,tengen,NULL,
TENNESSEE SAS,TENNES_S,tennessee,NULL,
TERAWIND,TERAWIND,hidesert,NULL,
TERRABELLA,TERRABEL,poplar,NULL,
TERRACE SAS,TERRACE,NULL,NULL,
THORNHILL,THORNHIL,thornill,NULL,
THORNH_S,THORNH_S,THORNHILL,NULL,
THOUSAND OAKS,THOU OAK,thousandoaks,NULL,
THOUSAND OAKS SAS,TH OAK_S,THOUSANDOAKS,NULL,
THREE M,THREE M,NULL,NULL,
THREE RIVERS,THREE RI,kaweah,NULL,
THRIVE,THRIVE,THRIVE,NULL,
THRUST,THRUST,burroflats,NULL,
THUMS,THUMS,thums,NULL,
THUMSGEN,THUMSGEN,thumsgen,NULL,
THUNDERBIRD,THUNDER,thunderbird,NULL,
TIDELANDS,TIDELAND,NULL,NULL,
TIEFORT,TIEFORT,tiefort,NULL,
TIMBERWINE,TIMBERWN,timberwine,NULL,
TIMOTEO,TIMOTEO,timoteo,NULL,
TIPTON,TIPTON,tipton,NULL,
TITANS,TITANS,NULL,NULL,
TOPANGA CANYON,TOPANGA,topanga,NULL,
TOPAZ,TOPAZ,topaz,NULL,
TORRANCE,TORRANCE,torrance,NULL,
TORREY,TORREY,torrey,NULL,
TORTILLB,TORTILLB,TORTILLA,NULL,
TORTOISE,TORTOISE,delsur,NULL,
TOYOTA,TOYOTA,corners,NULL,
TRANSFORMER HEAT RUN,Sce-THR,THR,NULL,
TRASK,TRASK,trask,NULL,
TRIGAS,TRIGAS,lagunabell,NULL,
TRISONIC,TRISONIC,elsegundo66,NULL,
TRITON,TRITON,triton,NULL,
TRONA,TRONA,NULL,NULL,
TROPHY SAS,TROPHY_S,TROPHY,NULL,
TSM PSEUDO STATION,TSM,NULL,NULL,
TULARE,TULARE,tulare,NULL,
TULARE_B,TULARE_B,tulareb,NULL,
TULE,TULE,boxwood,NULL,
TWILIGHT,TWILIGHT,TWILIGHT,NULL,
ULTRAGEN,ULTRAGEN,browning,NULL,
UNIMED COGEN,UNIMED C,timoteo,NULL,
UNION OIL,UNION OI,channelisland,NULL,
UNIVERSAL,UNIVERSA,universal,NULL,
UNIVERSITY,UNIVERSI,university,NULL,
UPLAND,UPLAND,upland,NULL,
US BORAX,US BORAX,NULL,NULL,
USER CALC STATION,USERCALC,NULL,NULL,
VAIL,VAIL,vail,NULL,
VALDEZ,VALDEZ,valdez,NULL,
VALENCIA,VALENCIA,NULL,NULL,
VALLEY,VALLEY,valley,NULL,
VALLEY   12,VALLEY12,valley115,NULL,
VALLEY  115,VALLEY B,valley115,NULL,
VALLEY D,VALLEY D,valleyd,NULL,
VALLEY ELEC ASSN 55,VLY ELEC,NULL,NULL,
VALLEY POLE SW,VALLEY P,valley115,NULL,
VALLEY RT1,VALEYRT1,VALLEY,NULL,
VAPOR,VAPOR,vapor,NULL,
VARWIND,VARWIND,varwind,NULL,
VEGAS SAS,VEGAS_S,vegas,NULL,
VELASCO,VELASCO,velasco,NULL,
VENICE HILL,VENICE H,venicehill,NULL,
VENIDA,VENIDA,venida,NULL,
VENIDA_SA2,VENIDA_S,venida,NULL,
VENT,VENT,vent,NULL,
VENTURA SAS,VENTURA,ventura,NULL,
VENWIND,VENWIND,venwind,NULL,
VERA,VERA,vera,NULL,
VERDANT,VERDANT,verdant,NULL,
VERNON CITY,VERNON_C,MALBURG,NULL,
VESTAL,VESTAL,vestal,NULL,
VESTAL POLE SWITCH,VESTAL P,vestal66ovw,NULL,
VICTOR A,VICTOR_A,victora,NULL,
VICTOR POLE SW,VICTOR P,NULL,NULL,
VICTOR SA2,VICTORS2,VICTOR,NULL,
VICTOR SAS,VICTOR_S,victor,NULL,
VICTOR SAS 2 B,VICTRS2B,VICTOR,NULL,
VICTOR-B  115,VICTOR B,victor,NULL,
VICTOR-C   12,VICTOR C,victor,NULL,
VICTORIA,VICTORIA,victoria,NULL,
VICTORVILLE   500KV,VICTRVLL,victorville,NULL,
VICTORVILLE 33B,VCTRV33B,VICTORVILLE33,NULL,
VICTORVILLE 33KV,VCTRVL33,VCTRVL33,NULL,
VICTORVILLE-B  12KV,VICTRVLB,victor,NULL,
VIEJO SAS,VIEJO,viejo,NULL,
VILLA PARK POLE SW,VIL PK P,NULL,NULL,
VILLA PARK RELAYS,VIL PK R,NULL,NULL,
VILLA PARK SAS2,VILLAPK2,villapark2,NULL,
VINCENT,VINCENT,vincent,NULL,
VINCENT COGEN,VINCNT C,NULL,NULL,
VINCENT DGA,VIN_DGA,VINCENTDGA,NULL,
VINCENT RELAYS,VINCNT R,NULL,NULL,
VINCENTB,VINCEN_B,VINCENT,NULL,
VINCENTC,VINCEN_C,VINCENT,NULL,
VISALIA,VISALIA,visalia,NULL,
VISTA,VISTA,vista,NULL,
VISTA POLE SWITCH,VISTA  P,vista66ovw,NULL,
VISTA RELAYS,VISTA  R,vista66ovw,NULL,
WABASH,WABASH,ramona,NULL,
WAKEFL_S,WAKEFL_S,wakefield,NULL,
WALCREEK,WALCREEK,WALNUTCREEK,NULL,
WALKER BASIN,WALKER B,havilah,NULL,
WALNUT POLE SWITCH,WALNUT P,NULL,NULL,
WALNUT SAS,WALNUT_S,NULL,NULL,
WALTERIA,WALTERIA,walteria,NULL,
WAPA-BLACK-MESA,WWBLMESA,blackmesa,NULL,
WAPA-BLYTHE-RAS,WWBLYRAS,blythe,NULL,
WAPA-BOUSE,WWBOUSE,bouse,NULL,
WAPA-DAVIS-DAM,WWDAVSDM,davis,NULL,
WAPA-GILA,WWGILA,gila,NULL,
WAPA-GOLDMINE,WWGOLDMN,goldmine,NULL,
WAPA-HEADGATE-ROCK,WWHDGTRK,hdr,NULL,
WAPA-HOOVER,WWHOOVER,wapahoover,NULL,
WAPA-KNOB,WWKNOB,knob,NULL,
WAPA-KOFA,WWKOFA,kofa,NULL,
WAPA-MEAD,WWMEAD,mead,NULL,
WAPA-NORTH-HAVASU,WWNHAVSU,northhavasu,NULL,
WAPA-PARKER-DAM,WWPARKDA,parker,NULL,
WAPA-SOUTHPOINT,WWSPOINT,southpoint,NULL,
WAPA-TOPOCK,WWTOPOCK,topock,NULL,
WAPA-WELLTON-MOHAWK,WWWLTNMK,wml,NULL,
WARNE,WARNE,warne,NULL,
WASINGTON_SAS,WASHIN_S,washington,NULL,
WASTEWATER,WASTEWAT,wastsewater,NULL,
WATSON,WATSON,carbogen,NULL,
WAVE,WAVE_S,wave,NULL,
WAVE WS,WAVEWS,WAVE WS,NULL,
WDAT016,WDAT016,TOWNHALL,NULL,
WDAT1007,WDAT1007,WDAT1007,NULL,
WDAT330,WDAT330,USBORAX115,NULL,
WDAT334,WDAT334,WDAT334,NULL,
WDAT372,WDAT372,WDAT372,NULL,
WDAT402,WDAT402,WDAT402,NULL,
WDAT409,WDAT409,WDAT409,NULL,
WDAT421,WDAT421,WDAT421,NULL,
WDAT458,WDAT458,SANTANA,NULL,
WDAT661,WDAT661,WDAT661,NULL,
WDAT883,WDAT883,MOGEN,NULL,
WDAT892894,WDAT892894,WDAT892894,NULL,
WEBCO,WEBCO,brass,NULL,
WELDON,WELDON,borel,NULL,
WELDON_I,WELDON_I,WELDON_I,NULL,
WELLGEN,WELLGEN,WELLGEN,NULL,
WESBASIN,WESBASIN,NULL,NULL,
WEST,WEST,NULL,NULL,
WEST BARSTOW,WBRSTW_I,WESTBARSTOW,NULL,
WEST RIVERSIDE,WESTRVRS,westriverside,NULL,
WESTEX,WESTEX,signalhill,NULL,
WESTGATE SAS,WESTGATE,westgate,NULL,
WESTPAC,WESTPAC,neenach,NULL,
WESTWIND,WESTWIND,westwind,NULL,
WESTWING,WESTWING,NULL,NULL,
WEYMOUTH,WEYMOUTH,WEYMOUTH,NULL,
WHARF,WHARF,WHARF,NULL,
WHEATLAND,WHEATLND,wheatland,NULL,
WHIPPLE,WHIPPLE,whipple,NULL,
WHIRLWIND,WHIRLWND,WHIRLWIND,NULL,
WHIRLWIND RAS A,WHR_RASA,WHIRLWIND RAS A,NULL,
WHIRLWIND RAS B,WHR_RASB,WHIRLWIND RAS B,NULL,
WHITE ISLAND,WHT_ISL,whiteisland,NULL,
WHITE MTN,WHITE MT,deepsprings,NULL,
WHITEWATER,WHITEWTR,whitewater,NULL,
WHTISL_I,WHTISL_I,WHT_ISL,NULL,
WILDE,WILDE,wilde,NULL,
WILDERNESS,WILDERNS,skyriver,NULL,
WILLAMETTE,WILLAMET,estero,NULL,
WILSONA,WILSONA,wilsona,NULL,
WIMBLEDON SAS,WMBLDN_S,wimbledon,NULL,
WINDFARM,WINDFARM,windfarm,NULL,
WINDHUB,WINDHUB,WINDHUB,NULL,
WINDHUB-POLE SW,WINDHB P,windhub66ovw,NULL,
WINDPARK-MAEVA,WINDPARK,NULL,NULL,
WINDPARK2,WINDPRK2,windpark,NULL,
WINDSOR HILLS,WINDSOR,windsor,NULL,
WINDSTAR,WINDSTAR,WINDSTAR,NULL,
WINDUS_D,WINDUS_D,WINDUST,NULL,
WNCRYSTL,WNCRYSTL,NULL,NULL,
WNHARRAL,WNHARRAL,NULL,NULL,
WNMILLERS,WNMILLRS,NULL,NULL,
WNROBSMT,WNROBSMT,robinsonsummit,NULL,
WNSLVRPK,WNSLVRPK,NULL,NULL,
WNWTONOPAH,WNWTP,NULL,NULL,
WOODLAKE,WOODLAKE,NULL,NULL,
WOODVILLE,WOODVILL,woodville,NULL,
WRIGHTWOOD,WRIGHTWD,wrightwood,NULL,
WSCAPS,WSCAPS,NULL,NULL,
WSEHV,WSEHV,NULL,NULL,
WSMOHAVE,WSMOHAVE,NULL,NULL,
WSPG&E,WSPG&E,NULL,NULL,
WSSCE,WSSCE,NULL,NULL,
WSSDG&E,WSSDG&E,NULL,NULL,
WSSRP,WSSRP,NULL,NULL,
WSWIND,WSWIND,NULL,NULL,
WUPINTO,WUPINTO,NULL,NULL,
WUSIGURD,WUSIGURD,NULL,NULL,
Whirlwind RAS,Whdras,whdras,NULL,
XML Limit,XMLLIMIT,NULL,NULL,
XX DYN SCH IN,DYN S IN,NULL,NULL,
XX DYN SCH OUT,DYN SOUT,NULL,NULL,
YAVAPAI,YAVAPAI,yavapai,NULL,
YBARRA,YBARRA,ybarra,NULL,
YERMO,YERMO,NULL,NULL,
YORBA LINDA,YORBA LI,yorbalinda,NULL,
YUCAIPA,YUCAIPA,yucaipa,NULL,
YUCAIPA SAS,YUCAIP_S,yucaipa,NULL,
YUCCA,YUCCA,hidesert,NULL,
YUKON SAS,YUKON_S,yukon,NULL,
ZACK,ZACK,zack,NULL,
ZANJA,ZANJA,zanja,NULL,
ZANJA SAS,ZANJA_S,zanja,NULL,
ZONEWIND,ZONEWIND,zonewind,NULL,
ZUMA,ZUMA,zuma,NULL,
